<?xml version="1.0" ?>
<config xmlns:xsi="http://www.w3.org/2001/XMLSchema-instance" xsi:noNamespaceSchemaLocation="urn:magento:framework:ObjectManager/etc/config.xsd">
    <type name="Magenmagic\AgeVerification\Observer\Customer\Login">
        <arguments>
            <argument name="response" xsi:type="object">Magento\Framework\App\Response\Http</argument>
        </arguments>
    </type>

    <type name="Magenmagic\AgeVerification\Observer\Customer\RegistrationSuccess">
        <arguments>
            <argument name="customerRepositoryInterface" xsi:type="object">Magento\Customer\Api\CustomerRepositoryInterface</argument>
        </arguments>
    </type>
</config>