<?xml version="1.0" ?>
<config xmlns:xsi="http://www.w3.org/2001/XMLSchema-instance" xsi:noNamespaceSchemaLocation="urn:magento:module:Magento_Config:etc/system_file.xsd">
    <system>
        <tab id="magenmagic" translate="label" sortOrder="99998">
            <label>MagenMagic</label>
        </tab>

        <section id="magenmagic_age_verification" translate="label" type="text" sortOrder="10" showInDefault="1" showInWebsite="1" showInStore="0">
            <class>separator-top</class>
            <label>Age Verification</label>
            <tab>magenmagic</tab>
            <resource>Magenmagic_AgeVerification::age_verification</resource>

            <group id="general" translate="label" type="text" sortOrder="10" showInDefault="1" showInWebsite="1" showInStore="1">
                <label>General</label>

                <field id="enabled" translate="label" type="select" sortOrder="10" showInDefault="1" showInWebsite="1" showInStore="1" canRestore="1">
                    <label>Enabled</label>
                    <source_model>Magento\Config\Model\Config\Source\Yesno</source_model>
                </field>
            </group>

            <group id="api" translate="label" type="text" sortOrder="20" showInDefault="1" showInWebsite="1" showInStore="0">
                <label>API</label>

                <field id="username" translate="label" type="text" sortOrder="10" showInDefault="1" showInWebsite="1" showInStore="0" canRestore="1">
                    <label>Username</label>
                </field>

                <field id="password" translate="label" type="password" sortOrder="20" showInDefault="1" showInWebsite="1" showInStore="0" canRestore="1">
                    <label>Password</label>
                    <backend_model>Magento\Config\Model\Config\Backend\Encrypted</backend_model>
                </field>
            </group>

            <group id="frontend" translate="label" type="text" sortOrder="30" showInDefault="1" showInWebsite="1" showInStore="1">
                <label>Frontend</label>

                <field id="tag_verified" translate="label comment" type="text" sortOrder="10" showInDefault="1" showInWebsite="1" showInStore="1" canRestore="1">
                    <label>Tag Verified</label>
                    <comment>Text shown in My Account for verified customer</comment>
                </field>

                <field id="tag_not_verified" translate="label comment" type="text" sortOrder="20" showInDefault="1" showInWebsite="1" showInStore="1" canRestore="1">
                    <label>Tag Not Verified</label>
                    <comment>Text shown in My Account for not verified customer</comment>
                </field>
            </group>

            <group id="email" translate="label" type="text" sortOrder="40" showInDefault="1" showInWebsite="1">
                <label>Document Upload</label>

                <field id="recipient_email" translate="label comment" type="text" sortOrder="10" showInDefault="1" showInWebsite="1" canRestore="1">
                    <label>Recipient Email</label>
                    <comment>Leave empty to use default store email</comment>
                </field>

                <field id="template_order_not_verified" translate="label comment" type="select" sortOrder="20" showInDefault="1" showInWebsite="1" canRestore="1">
                    <label>Guest Order Email Template - age not verified</label>
                    <comment>Email template chosen based on theme fallback when "Default" option is selected.</comment>
                    <source_model>Magento\Config\Model\Config\Source\Email\Template</source_model>
                </field>

                <field id="template_order_not_verified_customer" translate="label comment" type="select" sortOrder="20" showInDefault="1" showInWebsite="1" canRestore="1">
                    <label>Customer Order Email Template - age not verified</label>
                    <comment>Email template chosen based on theme fallback when "Default" option is selected.</comment>
                    <source_model>Magento\Config\Model\Config\Source\Email\Template</source_model>
                </field>
            </group>
        </section>
        <section id="sales_email">
            <group id="order">
                <field id="age_not_verified_template" translate="label comment" type="select" sortOrder="60" showInDefault="1" showInWebsite="1" showInStore="1" canRestore="1">
                    <label>New Order Confirmation Template (age is not verified)</label>
                    <comment>Email template chosen based on theme fallback when "Default" option is selected.</comment>
                    <source_model>Magento\Config\Model\Config\Source\Email\Template</source_model>
                </field>

                <field id="guest_age_not_verified_template" translate="label comment" type="select" sortOrder="70" showInDefault="1" showInWebsite="1" showInStore="1" canRestore="1">
                    <label>New Order Confirmation Template for Guest (age is not verified)</label>
                    <comment>Email template chosen based on theme fallback when "Default" option is selected.</comment>
                    <source_model>Magento\Config\Model\Config\Source\Email\Template</source_model>
                </field>
            </group>
        </section>

    </system>
</config>