<?xml version="1.0"?>
<config xmlns:xsi="http://www.w3.org/2001/XMLSchema-instance"
        xsi:noNamespaceSchemaLocation="urn:magento:framework:Event/etc/events.xsd">
    <event name="customer_register_success">
        <observer name="magenmagic_agevalidation" instance="Magenmagic\AgeVerification\Observer\Customer\RegistrationSuccess"/>
    </event>

    <event name="customer_login">
        <observer name="magenmagic_agevalidation" instance="Magenmagic\AgeVerification\Observer\Customer\Login"/>
    </event>

    <event name="sales_model_service_quote_submit_before">
        <observer name="magenmagic_agevalidation" instance="Magenmagic\AgeVerification\Observer\Sales\QuoteSubmitBefore"/>
    </event>

    <event name="sales_quote_address_save_before">
        <observer name="magenmagic_agevalidation_sales_quote_address_save_before" instance="Magenmagic\AgeVerification\Observer\Quote\Address\SaveBefore"/>
    </event>
</config>