<?xml version="1.0" ?>
<config xmlns:xsi="http://www.w3.org/2001/XMLSchema-instance" xsi:noNamespaceSchemaLocation="urn:magento:framework:Api/etc/extension_attributes.xsd">
    <extension_attributes for="Magento\Quote\Api\Data\AddressInterface">
        <attribute code="mm_dob" type="string"/>
    </extension_attributes>

    <extension_attributes for="Magento\Sales\Api\Data\OrderInterface">
        <attribute code="mm_age_is_verified" type="string"/>
        <attribute code="mm_age_verification_doc" type="string"/>
    </extension_attributes>

    <extension_attributes for="Magento\Customer\Api\Data\CustomerInterface">
        <attribute code="mm_age_is_verified" type="string"/>
        <attribute code="mm_age_verification_doc" type="string"/>
    </extension_attributes>
</config>